{
  "accuracy": 0.8564356435643564,
  "macro_f1": 0.767677923927924,
  "per_class": {
    "Blowhole": {
      "precision": 0.9285714285714286,
      "recall": 0.7222222222222222,
      "f1-score": 0.8125,
      "support": 18.0
    },
    "Break": {
      "precision": 0.23809523809523808,
      "recall": 0.4166666666666667,
      "f1-score": 0.30303030303030304,
      "support": 12.0
    },
    "Crack": {
      "precision": 0.8571428571428571,
      "recall": 0.6666666666666666,
      "f1-score": 0.75,
      "support": 9.0
    },
    "Fray": {
      "precision": 1.0,
      "recall": 0.8,
      "f1-score": 0.8888888888888888,
      "support": 5.0
    },
    "Uneven": {
      "precision": 1.0,
      "recall": 0.8666666666666667,
      "f1-score": 0.9285714285714286,
      "support": 15.0
    },
    "Free": {
      "precision": 0.9230769230769231,
      "recall": 0.9230769230769231,
      "f1-score": 0.9230769230769231,
      "support": 143.0
    }
  }
}